{"cameraMode":{"drawMode":0,"name":"Shaded","section":"Shading Mode"},"sceneLighting":true,"audioPlay":false,"sceneViewState":{"m_AlwaysRefresh":false,"showFog":true,"showSkybox":true,"showFlares":true,"showImageEffects":true,"showParticleSystems":true,"showVisualEffectGraphs":true,"m_FxEnabled":true},"in2DMode":false,"pivot":{"x":17.799728393554689,"y":4.677667617797852,"z":-16.317731857299806},"rotation":{"x":0.07542653381824494,"y":-0.2644713819026947,"z":0.020746858790516855,"w":0.9611932635307312},"size":7.17169713973999,"orthographic":false}