{"cameraMode":{"drawMode":0,"name":"Shaded","section":"Shading Mode"},"sceneLighting":true,"audioPlay":false,"sceneViewState":{"m_AlwaysRefresh":false,"showFog":true,"showSkybox":true,"showFlares":true,"showImageEffects":true,"showParticleSystems":true,"showVisualEffectGraphs":true,"m_FxEnabled":true},"in2DMode":false,"pivot":{"x":4.470509052276611,"y":3.8759191036224367,"z":-4.329556465148926},"rotation":{"x":-0.050612397491931918,"y":0.9484640955924988,"z":-0.24199165403842927,"w":-0.1983938068151474},"size":1.2247449159622193,"orthographic":false}